text,url
,https://www.waterlandpe.com/nl
Strategie,https://www.waterlandpe.com/nl/strategie/
Portfolio,https://www.waterlandpe.com/nl/portfolio/
ESG,https://www.waterlandpe.com/nl/strategie/esg-bij-waterland/
Over ons,https://www.waterlandpe.com/nl/over-ons/
Vacatures,https://www.waterlandpe.com/nl/carrieres/
Newsroom,https://www.waterlandpe.com/nl/news/
Contacteer ons,https://www.waterlandpe.com/nl/contact-us/
en,https://www.waterlandpe.com/
fr,https://www.waterlandpe.com/fr/
de,https://www.waterlandpe.com/de/
da,https://www.waterlandpe.com/da/
es,https://www.waterlandpe.com/es/
pl,https://www.waterlandpe.com/pl/
Registreer voor de laatste nieuwsupdates,https://www.waterlandpe.com/nl/nieuwsbrief/
Bekijk hier het volledige verhaal,https://www.waterlandpe.com/nl/company/median-group/
Bekijk hier het volledige verhaal,https://www.waterlandpe.com/nl/company/ipsilon-group/
Bekijk hier het volledige verhaal,https://www.waterlandpe.com/nl/company/framna/
Bekijk hier het volledige verhaal,https://www.waterlandpe.com/nl/company/mtm-engineering/
Download het Responsible Investment Report,https://www.waterlandpe.com/content/uploads/2025/06/Waterland-Responsible-Investment-Report-2024.pdf
,https://www.waterlandpe.com/nl
Strategie,https://www.waterlandpe.com/nl/strategy/
Vergrijzing,https://www.waterlandpe.com/nl/strategie/vergrijzing/
Digitalisatie en Outsourcing,https://www.waterlandpe.com/nl/strategie/outsourcing-digitalization/
Vrije tijd en welzijn,https://www.waterlandpe.com/nl/strategie/vrije-tijd-welzijn/
Duurzaamheid,https://www.waterlandpe.com/nl/strategie/duurzaamheid/
WATERLAND,https://www.waterlandpe.com/nl/about-us/
Over ons,https://www.waterlandpe.com/nl/over-ons/
Kantoren,https://www.waterlandpe.com/nl/contact-us/#offices
Medewerkers,https://www.waterlandpe.com/nl/over-ons/mensen/
Jobs,https://www.waterlandpe.com/nl/carrieres/
Newsroom,https://www.waterlandpe.com/nl/news/
Contact,https://www.waterlandpe.com/nl/contact-us/
Portfolio,https://www.waterlandpe.com/nl/portfolio/
,https://www.waterlandpe.com/nl
Strategie,https://www.waterlandpe.com/nl/strategy/
Vergrijzing,https://www.waterlandpe.com/nl/strategie/vergrijzing/
Digitalisatie en Outsourcing,https://www.waterlandpe.com/nl/strategie/outsourcing-digitalization/
Vrije tijd en welzijn,https://www.waterlandpe.com/nl/strategie/vrije-tijd-welzijn/
Duurzaamheid,https://www.waterlandpe.com/nl/strategie/duurzaamheid/
WERKWIJZE,https://www.waterlandpe.com/nl/approach/
Strategisch & Operationeel,https://www.waterlandpe.com/nl/werkwijze/
Methodologie,https://www.waterlandpe.com/nl/werkwijze/
WATERLAND,https://www.waterlandpe.com/nl/about-us/
Over ons,https://www.waterlandpe.com/nl/over-ons/
Kantoren,https://www.waterlandpe.com/nl/contact-us/#offices
Medewerkers,https://www.waterlandpe.com/nl/over-ons/mensen/
Jobs,https://www.waterlandpe.com/nl/carrieres/
Newsroom,https://www.waterlandpe.com/nl/news/
Contact,https://www.waterlandpe.com/nl/contact-us/
Portfolio,https://www.waterlandpe.com/nl/portfolio/
Imprint,https://www.waterlandpe.com/nl/imprint/
Privacy Policy,https://www.waterlandpe.com/nl/privacy-policy/
Cookie Policy,https://www.waterlandpe.com/nl/cookie-policy/
Modern Slavery Statement,https://www.waterlandpe.com/modern-slavery-statement/
Strategie,https://www.waterlandpe.com/nl/strategie/
Portfolio,https://www.waterlandpe.com/nl/portfolio/
ESG,https://www.waterlandpe.com/nl/strategie/esg-bij-waterland/
Over ons,https://www.waterlandpe.com/nl/over-ons/
Vacatures,https://www.waterlandpe.com/nl/carrieres/
Newsroom,https://www.waterlandpe.com/nl/news/
en,https://www.waterlandpe.com/
fr,https://www.waterlandpe.com/fr/
de,https://www.waterlandpe.com/de/
da,https://www.waterlandpe.com/da/
es,https://www.waterlandpe.com/es/
pl,https://www.waterlandpe.com/pl/
Contacteer ons,https://www.waterlandpe.com/nl/contact-us/
